Workbook

Sheet Data
A1: S/N | B1: CUSTOMERS NAMES | C1: ACCOUNT DETAILS | D1: GENDER | E1: BVN | F1: DOB | G1: BANK NAME | H1: LOAN AMOUNT | I1: ANNUAL RATE(%) | J1: LOAN DURATION | K1: NUMBER OF PAYMENT | L1: MONTHLY PAYMENT | M1: LOAN DATE | N1: DUE DATE | O1: TOTAL AMOUNT
A2: 1 | B2: Emmanuel peter | C2: 3134548545 | D2: Male | E2: 2523980712 | F2: 34851 | G2: First Bank | H2: 655500 | I2: 0.02 | J2: 2 | K2: 24 | L2: =H2/K2 -> 27312.5 | M2: 20/03/2021 | N2: 20/03/2023 | O2: =H2+I2*H2 -> 668610
A3: 2 | B3: Calistus Ikechukwu | C3: 2346158667 | D3: Male | E3: 8149297791 | F3: 31115 | G3: Zenith | H3: 646400 | I3: 0.04 | J3: 3 | K3: 36 | L3: =H3/K3 -> 17955.556 | M3: 20/03/2021 | N3: 20/03/2024 | O3: =H3+I3*H3 -> 672256
A4: 3 | B4: James mary | C4: 5468723876 | D4: Female | E4: 7065128013 | F4: 36162 | G4: Access | H4: 452000 | I4: 0.056 | J4: 2 | K4: 24 | L4: =H4/K4 -> 18833.333 | M4: 20/03/2020 | N4: 20/03/2022 | O4: =H4+I4*H4 -> 477312
A5: 4 | B5: Joseph Serah | C5: 3245879042 | D5: Female | E5: 8108358108 | F5: 37135 | G5: Fidelity | H5: 342876 | I5: 0.026 | J5: 1 | K5: 12 | L5: =H5/K5 -> 28573 | M5: 20/03/2021 | N5: 20/03/2022 | O5: =H5+I5*H5 -> 351790.78
A6: 5 | B6: Thamos Benard | C6: 7689241609 | D6: Male | E6: 8033746303 | F6: 20/08/1988 | G6: UBA | H6: 453900 | I6: 0.032 | J6: 3 | K6: 36 | L6: =H6/K6 -> 12608.333 | M6: 20/03/2020 | N6: 20/03/2024 | O6: =H6+I6*H6 -> 468424.8
A7: 6 | B7: Onovo Martins | C7: 9045768923 | D7: Male | E7: 7018269830 | F7: 21/06/1987 | G7: GTB | H7: 897400 | I7: 0.05 | J7: 4 | K7: 48 | L7: =H7/K7 -> 18695.833 | M7: 20/03/2019 | N7: 20/03/2023 | O7: =H7+I7*H7 -> 942270
A8: 7 | B8: Eze Ikechukwu | C8: 4523980712 | D8: Male | E8: 8129944718 | F8: 36256 | G8: FCMB | H8: 826966.93 | I8: 0.043 | J8: 2 | K8: 24 | L8: =H8/K8 -> 34456.956 | M8: 20/03/2019 | N8: 20/03/2021 | O8: =H8+I8*H8 -> 862526.51
A9: 8 | B9: Jeremiah Justina | C9: 3425879013 | D9: Female | E9: 9122703004 | F9: 17/5/1998 | G9: First Bank | H9: 927620.53 | I9: 0.06 | J9: 3 | K9: 36 | L9: =H9/K9 -> 25767.237 | M9: 20/03/2021 | N9: 20/03/2024 | O9: =H9+I9*H9 -> 983277.77
A10: 9 | B10: Ibrahim Azeez | C10: 9805656337 | D10: Male | E10: 7065459945 | F10: 15/12/1997 | G10: Zenith | H10: 188274.13 | I10: 0.056035714 | J10: 4 | K10: 48 | L10: =H10/K10 -> 3922.3778 | M10: 20/03/2019 | N10: 20/03/2023 | O10: =H10+I10*H10 -> 198824.21
A11: 10 | B11: Matthew Syvia | C11: 8976563434 | D11: Female | E11: 8168701061 | F11: 36499 | G11: Access | H11: 112892.73 | I11: 0.059404762 | J11: 2 | K11: 24 | L11: =H11/K11 -> 4703.8639 | M11: 20/03/2020 | N11: 20/03/2022 | O11: =H11+I11*H11 -> 119599.1
A12: 11 | B12: Samson Adekola | C12: 9090653421 | D12: Male | E12: 9025765424 | F12: 34461 | G12: Fidelity | H12: 122581.33 | I12: 0.06277381 | J12: 3 | K12: 36 | L12: =H12/K12 -> 3405.037 | M12: 20/03/2018 | N12: 20/03/2024 | O12: =H12+I12*H12 -> 130276.23
A13: 12 | B13: Ude Peace | C13: 8732456578 | D13: Female | E13: 8082283017 | F13: 14/02/1998 | G13: UBA | H13: 133354.93 | I13: 0.066142857 | J13: 2 | K13: 24 | L13: =H13/K13 -> 5556.4556 | M13: 20/03/2021 | N13: 20/03/2023 | O13: =H13+I13*H13 -> 142175.41
A14: 13 | B14: Okiri Anne | C14: 3425161962 | D14: Female | E14: 7060868657 | F14: 34315 | G14: GTB | H14: 143088.53 | I14: 0.069511905 | J14: 4 | K14: 48 | L14: =H14/K14 -> 2981.0111 | M14: 20/03/2018 | N14: 20/03/2022 | O14: =H14+I14*H14 -> 153034.89
A15: 14 | B15: Ezeokeke chinaza | C15: 944677892 | D15: Female | E15: 9074316757 | F15: 34459 | G15: FCMB | H15: 153152.13 | I15: 0.072880952 | J15: 4 | K15: 48 | L15: =H15/K15 -> 3190.6694 | M15: 20/03/2019 | N15: 20/03/2023 | O15: =H15+I15*H15 -> 164314.01
A16: 15 | B16: Kachi Confidence | C16: 3428971045 | D16: Female | E16: 7032537163 | F16: 16/01/1996 | G16: First Bank | H16: 163195.73 | I16: 0.07625 | J16: 3 | K16: 36 | L16: =H16/K16 -> 4533.2148 | M16: 20/03/2021 | N16: 20/03/2024 | O16: =H16+I16*H16 -> 175639.41
A17: 16 | B17: Abdul Azeez | C17: 9805656337 | D17: Male | E17: 9049488198 | F17: 36256 | G17: Zenith | H17: 173289.33 | I17: 0.079619048 | J17: 2 | K17: 24 | L17: =H17/K17 -> 7220.3889 | M17: 20/03/2020 | N17: 20/03/2022 | O17: =H17+I17*H17 -> 187086.47
A18: 17 | B18: Matthew Francis | C18: 8976563434 | D18: Male | E18: 8123235251 | F18: 35968 | G18: Access | H18: 183350.93 | I18: 0.082988095 | J18: 2 | K18: 24 | L18: =H18/K18 -> 7639.6222 | M18: 20/03/2019 | N18: 20/03/2021 | O18: =H18+I18*H18 -> 198566.88
A19: 18 | B19: Samuel Adewale | C19: 9090653421 | D19: Male | E19: 9016747455 | F19: 34142 | G19: Fidelity | H19: 193416.53 | I19: 0.086357143 | J19: 5 | K19: 60 | L19: =H19/K19 -> 3223.6089 | M19: 20/03/2019 | N19: 20/03/2024 | O19: =H19+I19*H19 -> 210119.43
A20: 19 | B20: Wale Sunday | C20: 8732456578 | D20: Male | E20: 9160841618 | F20: 34956 | G20: UBA | H20: 203480.13 | I20: 0.08972619 | J20: 4 | K20: 48 | L20: =H20/K20 -> 4239.1694 | M20: 20/03/2020 | N20: 20/03/2024 | O20: =H20+I20*H20 -> 221737.63
A21: 20 | B21: Ugonna Anne | C21: 3425161962 | D21: Female | E21: 9019883235 | F21: 35676 | G21: GTB | H21: 213546.73 | I21: 0.093095238 | J21: 3 | K21: 36 | L21: =H21/K21 -> 5931.8537 | M21: 20/03/2018 | N21: 20/03/2021 | O21: =H21+I21*H21 -> 233426.92
A22: 21 | B22: Eze chinaza | C22: 944677892 | D22: Female | E22: 9039938885 | F22: 33712 | G22: FCMB | H22: 223617.33 | I22: 0.096464286 | J22: 2 | K22: 24 | L22: =H22/K22 -> 9317.3889 | M22: 20/03/2021 | N22: 20/03/2023 | O22: =H22+I22*H22 -> 245188.42
A23: 22 | B23: Onuorah Confidence | C23: 3428971045 | D23: Female | E23: 8142054307 | F23: 35217 | G23: First Bank | H23: 236770.93 | I23: 0.099833333 | J23: 4 | K23: 48 | L23: =H23/K23 -> 4932.7278 | M23: 20/03/2019 | N23: 20/03/2024 | O23: =H23+I23*H23 -> 260408.56

Sheet Payment structure
A1: Customer Name | B1: Date | C1: Amount | F1: Customer N | G1: Total Amount Paid
A2: Emmanuel peter | B2: 45028 | C2: 17955.556 | F2: {=IF(Data!B2:B50="","",Data!B2:B50)} -> Emmanuel peter | G2: =SUMIF($A$2:$A$50,F2,$C$2:$C$50) -> 35911.111
A3: James mary | F3: Calistus Ikechukwu
A4: Emmanuel peter | B4: 45058 | C4: 17955.556 | F4: James mary
A5: Eze Ikechukwu | F5: Joseph Serah
F6: Thamos Benard
F7: Onovo Martins
F8: Eze Ikechukwu
F9: Jeremiah Justina
F10: Ibrahim Azeez
F11: Matthew Syvia
F12: Samson Adekola
F13: Ude Peace
F14: Okiri Anne
F15: Ezeokeke chinaza
F16: Kachi Confidence
F17: Abdul Azeez
... F23: Onuorah Confidence

Sheet Dashboard
A5: Customer Name | B5: Samson Adekola | C5: DOB | D5: Gender | E5: BVN | G5: Monthly Payment | I5: Total Amount Left
C6: =VLOOKUP(B5,Data!B2:O50,5,FALSE) -> 34461 | D6: =VLOOKUP(B5,Data!B2:O50,3,FALSE) -> Male | E6: =VLOOKUP(B5,Data!B2:O50,4,FALSE) -> 9025765424 | G6: =VLOOKUP(B5,Data!B2:O50,11,FALSE) -> 3405.037 | I6: =G10-G14 -> 130276.23
C9: Account Number | D9: Bank Name | E9: Loan Amount | G9: Total Amount | I9: Loan Date
C10: =VLOOKUP(B5,Data!B2:O50,2,FALSE) -> 9090653421 | D10: =VLOOKUP(B5,Data!B2:O50,6,FALSE) -> Fidelity | E10: =VLOOKUP(B5,Data!B2:O50,7,FALSE) -> 122581.33 | G10: =VLOOKUP(B5,Data!B2:O50,14,FALSE) -> 130276.23 | I10: =VLOOKUP(B5,Data!B2:O50,12,FALSE) -> 20/03/2018
C13: Annual Rate(%) | D13: Loan Duration(Years) | E13: Number of Payment | G13: Total Amount Paid | I13: Due Date
C14: =VLOOKUP(B5,Data!B2:O50,8,FALSE) -> 0.06277381 | D14: =VLOOKUP(B5,Data!B2:O50,9,FALSE) -> 3 | E14: =VLOOKUP(B5,Data!B2:O50,10,FALSE) -> 36 | G14: =VLOOKUP(B5,'Payment structure'!F2:G50,2,FALSE) -> 0 | I14: =VLOOKUP(B5,Data!B2:O50,13,FALSE) -> 20/03/2024
H17: Today's Date
H18: =TODAY() -> 46190

Sheet Sheet3
A1: S/N | B1: CUSTOMERS NAMES | C1: ACCOUNT DETAILS | D1: GENDER | E1: BVN | F1: DOB | G1: BANK NAME | H1: LOAN AMOUNT | I1: ANNUAL RATE(%) | J1: LOAN DURATION | K1: NUMBER OF PAYMENT | L1: MONTHLY PAYMENT | M1: LOAN DATE | N1: DUE DATE | O1: TOTAL AMOUNT
